PUR,0,0,0,0,0,0,0,0,0,0,0,0,0,0,0,0
IBS,0,0,0,0,0,0,0,0,0,0,0,0,0,0,0,0
ESN,0,0,0,0,0,0,0,0,1,0,0,0,0,0,0,0
ESN,0,0,0,0,0,0,0,0,0,1,0,1,1,0,0,0
PJL,0,0,0,0,0,0,0,0,0,0,0,0,0,0,0,0
IBS,0,0,0,0,0,0,0,0,0,0,0,0,0,0,0,0
PJL,0,0,0,0,0,0,0,0,0,0,0,0,0,0,0,0
PUR,0,0,0,0,0,0,0,0,0,0,0,0,0,0,0,0
BEB,0,0,0,0,0,0,0,0,0,0,0,0,0,0,0,0
PJL,0,0,0,0,0,0,0,0,0,0,0,0,0,0,0,0
ESN,0,0,0,0,0,0,0,0,0,1,0,1,1,0,0,0
BEB,0,0,0,0,0,0,0,0,0,0,0,0,0,0,0,0
IBS,0,0,0,0,0,0,0,0,0,0,0,0,0,0,0,0
IBS,0,0,0,0,0,0,0,0,0,0,0,0,0,0,0,0
IBS,0,0,0,0,0,0,0,0,0,0,0,0,0,0,0,0
ESN,0,0,0,0,0,0,0,0,1,0,0,0,0,0,0,0
PJL,0,0,0,0,0,0,0,0,0,0,0,0,0,0,0,0
PUR,0,0,0,0,0,0,0,0,0,1,0,1,0,0,0,0
PJL,0,1,1,0,0,1,0,1,0,0,0,0,0,0,1,1
ESN,0,0,0,0,0,0,0,0,1,0,0,0,0,0,0,0
IBS,0,0,0,0,0,0,0,0,0,0,0,0,0,0,0,0
IBS,0,0,0,0,0,0,0,0,0,0,0,0,0,0,0,0
ESN,0,0,0,0,0,0,0,0,0,0,0,0,1,0,0,0
PJL,0,0,0,0,0,0,0,0,0,0,0,0,0,0,0,0
PUR,0,0,0,0,1,0,0,0,0,0,0,0,0,0,0,0
PJL,0,0,0,0,0,0,0,0,0,0,0,0,0,0,0,0
IBS,0,0,0,0,0,0,0,0,0,0,0,0,0,0,0,0
IBS,0,0,0,0,0,0,0,0,0,0,0,0,0,0,0,0
BEB,0,0,0,0,0,0,0,0,0,0,0,0,1,0,0,0
BEB,0,0,0,0,0,0,0,0,0,0,0,0,0,0,0,0
PJL,0,0,0,0,0,0,0,0,0,0,0,0,0,0,0,0
PUR,0,0,0,0,0,0,0,0,0,0,0,0,0,0,0,0
IBS,0,0,0,0,0,0,0,0,0,0,0,0,0,0,0,0
PUR,0,0,0,0,0,0,0,0,0,0,0,0,0,0,0,0
ESN,0,0,0,0,0,0,0,0,0,0,0,0,1,0,0,0
IBS,0,0,0,0,0,0,0,0,0,0,0,0,0,0,0,0
PUR,0,0,0,0,0,0,0,0,0,0,0,0,0,0,0,0
IBS,0,0,0,0,0,0,0,0,0,0,0,0,0,0,0,0
PJL,0,0,0,0,0,0,0,0,0,0,0,0,0,0,0,0
ESN,0,0,0,0,0,0,0,0,0,0,0,0,0,0,0,0
ESN,0,0,0,0,0,0,0,0,1,0,0,0,0,0,0,0
ESN,0,0,0,0,0,0,0,0,0,0,0,0,0,0,0,0
BEB,0,0,0,0,0,0,0,0,0,0,0,0,0,0,0,0
IBS,0,0,0,0,0,0,1,0,0,0,0,0,0,0,0,0
PJL,0,0,0,0,0,0,0,0,0,0,0,0,0,0,0,0
IBS,0,0,0,0,0,0,0,0,0,0,0,0,0,0,0,0
ESN,0,0,0,0,0,0,0,0,0,0,0,0,0,0,0,0
BEB,0,0,0,0,0,0,0,0,0,0,0,0,0,0,0,0
PJL,0,0,0,0,0,0,1,0,0,0,0,0,0,0,0,0
PJL,0,0,0,0,0,0,0,0,0,0,0,0,0,0,0,0
PUR,0,0,0,0,1,0,0,0,0,0,0,0,0,0,0,0
IBS,0,0,0,0,0,0,0,0,0,0,0,0,0,0,0,0
ESN,0,0,0,0,0,0,0,0,0,0,0,0,0,0,0,0
PJL,0,0,0,0,0,0,0,0,0,0,0,0,0,0,0,0
ESN,0,0,0,0,0,0,0,0,0,0,0,0,0,0,0,0
BEB,0,0,0,0,0,0,0,0,0,0,0,0,0,0,0,0
PJL,0,0,0,0,0,0,0,0,0,0,0,0,0,0,0,0
PUR,0,0,0,0,0,0,0,0,0,0,0,0,0,0,0,0
BEB,0,0,0,0,0,0,0,0,0,0,0,0,0,0,0,0
BEB,0,0,0,0,0,0,0,0,0,0,0,0,0,0,0,0
PUR,0,0,0,1,0,0,0,0,0,0,0,0,0,0,0,0
PJL,0,0,0,0,0,0,0,0,0,0,0,0,0,0,0,0
PUR,0,0,0,0,0,0,0,0,0,0,0,0,0,0,0,0
PUR,0,0,0,1,0,0,0,0,0,0,0,0,0,0,0,0
BEB,0,0,0,0,0,0,0,0,0,0,0,0,0,0,0,0
IBS,0,0,0,0,0,0,0,0,0,0,0,0,0,0,0,0
BEB,0,0,0,0,0,0,0,0,0,0,0,0,0,0,0,0
BEB,0,0,0,0,0,0,0,0,0,0,0,0,0,0,0,0
BEB,0,0,0,0,0,0,0,0,0,0,0,0,0,0,0,0
ESN,0,0,0,0,0,0,0,0,0,0,0,0,0,0,0,0
PJL,0,0,1,0,0,1,0,1,0,0,0,0,0,0,1,1
BEB,0,0,0,0,0,0,0,0,0,0,1,0,0,0,0,0
ESN,0,0,0,0,0,0,0,0,0,0,0,0,0,0,0,0
PUR,0,0,0,0,0,0,0,0,0,0,0,0,0,0,0,0
ESN,0,0,0,0,0,0,0,0,0,0,0,0,0,0,0,0
IBS,0,0,0,0,0,0,0,0,0,0,0,0,0,0,0,0
ESN,0,0,0,0,0,0,0,0,0,0,0,0,0,0,0,0
PUR,0,0,0,0,0,0,0,0,0,0,0,0,0,0,0,0
PJL,0,0,0,0,0,0,0,0,0,0,1,0,0,0,0,0
ESN,0,0,0,0,0,0,0,0,0,0,0,0,0,0,0,0
PJL,0,0,0,0,0,0,0,0,0,0,0,0,0,0,0,0
ESN,0,0,0,0,0,0,0,0,0,0,0,0,0,0,0,0
PUR,0,0,0,0,0,0,0,0,0,0,0,0,0,0,0,0
PJL,0,0,0,0,0,0,1,0,0,0,0,0,0,0,0,0
BEB,0,0,0,0,0,0,0,0,0,0,0,0,0,0,0,0
BEB,0,0,0,0,0,0,0,0,0,0,1,0,0,0,0,0
PUR,0,0,0,0,0,0,0,0,0,0,0,0,0,0,0,0
ESN,0,0,0,0,0,0,0,0,1,0,0,0,0,0,0,0
IBS,0,0,0,0,0,0,0,0,0,0,0,0,0,0,0,0
BEB,0,0,0,0,0,0,0,0,0,0,0,0,0,0,0,0
PJL,0,0,0,0,0,0,0,0,0,0,0,0,0,0,0,0
PJL,0,0,0,0,0,0,0,0,0,0,0,0,0,0,0,0
IBS,0,0,0,0,0,0,0,0,0,0,0,0,0,0,0,0
PUR,0,0,0,0,0,0,0,0,0,0,0,0,0,0,0,0
IBS,0,0,0,1,0,0,0,0,0,0,0,0,0,0,0,0
ESN,0,0,0,0,0,0,0,0,0,0,0,0,0,0,0,0
PJL,0,0,0,0,0,0,0,0,0,0,0,0,0,0,0,0
PJL,0,0,0,0,0,0,0,0,0,0,0,0,0,0,0,0
BEB,1,0,0,0,0,0,0,0,0,0,0,0,0,0,0,0
ESN,0,0,0,0,0,0,0,0,0,0,0,0,0,0,0,0
PUR,0,0,0,0,0,0,0,0,0,0,0,0,0,0,0,0
ESN,0,0,0,0,0,0,0,0,0,0,0,0,0,0,0,0
PUR,0,0,0,0,0,0,0,0,0,0,0,0,0,0,0,0
BEB,0,0,0,0,0,0,0,0,0,0,0,0,0,0,0,0
PUR,0,0,0,0,0,0,0,0,0,0,0,0,0,0,0,0
ESN,0,0,0,0,0,0,0,0,0,0,0,0,0,0,0,1
ESN,0,0,0,0,0,0,0,0,0,0,0,0,0,0,0,0
IBS,0,0,0,0,0,0,0,0,0,0,0,0,0,0,0,0
IBS,0,0,0,0,0,0,0,0,0,0,0,0,0,0,0,0
PJL,0,0,0,0,0,0,0,0,0,0,0,0,0,0,0,0
ESN,0,0,0,0,0,0,0,0,0,0,0,0,0,0,0,0
BEB,0,0,0,0,0,0,0,0,0,0,0,0,0,0,0,0
BEB,1,0,0,0,0,0,0,0,0,0,0,0,0,0,0,0
ESN,0,0,0,0,0,0,0,0,0,0,0,0,0,0,0,0
PJL,0,0,0,0,0,0,0,0,0,0,0,0,0,0,0,0
PUR,0,0,0,0,0,0,0,0,0,0,0,0,0,0,0,0
IBS,0,0,0,0,0,0,0,0,0,0,0,0,0,1,0,0
BEB,0,0,0,0,0,0,0,0,0,0,0,0,0,0,0,0
IBS,0,0,0,0,0,0,0,0,0,0,0,0,0,0,0,0
PJL,0,0,0,0,0,0,0,0,0,0,0,0,0,0,0,0
ESN,0,0,0,0,0,0,0,0,0,0,0,0,0,0,0,0
BEB,0,0,0,0,0,0,0,0,0,0,0,0,0,0,0,0
PUR,0,0,0,0,0,0,0,0,0,0,0,0,0,0,0,0
PUR,0,0,0,0,0,0,0,0,0,0,0,0,0,0,0,0
PJL,0,0,0,0,0,0,0,0,0,0,0,0,0,0,0,0
IBS,0,0,0,0,0,0,0,0,0,0,0,0,0,0,0,0
IBS,0,0,0,0,0,0,0,0,0,0,0,0,0,0,0,0
IBS,0,0,0,0,0,0,0,0,0,0,0,0,0,0,0,0
IBS,0,0,0,0,0,0,0,0,0,0,0,0,0,0,0,0
PUR,0,0,0,0,0,0,0,0,0,0,0,0,0,0,0,0
PUR,0,0,0,0,0,0,0,0,0,0,0,0,0,0,0,0
IBS,0,0,0,0,0,0,0,0,0,0,0,0,0,0,0,0
PJL,0,0,0,0,0,0,0,0,0,0,0,0,0,0,0,0
PJL,0,0,0,0,0,0,0,0,0,0,0,0,0,0,0,0
BEB,0,0,0,0,0,0,0,0,0,0,0,0,0,0,0,0
IBS,0,0,0,0,0,0,0,0,0,0,0,0,0,0,0,0
ESN,0,0,0,0,0,0,0,0,0,0,0,0,0,0,0,0
PUR,0,0,0,0,0,0,0,0,0,0,0,0,0,0,0,0
IBS,0,0,0,0,0,0,0,0,0,0,0,0,0,0,0,0
PUR,0,0,0,1,0,0,0,0,0,0,0,0,0,0,0,0
PJL,0,0,0,0,0,0,0,0,0,0,0,0,0,0,0,0
IBS,0,0,0,1,0,0,0,0,0,1,0,0,0,0,0,0
PUR,0,0,0,0,0,0,0,0,0,0,0,0,0,0,0,0
IBS,0,0,0,0,0,0,0,0,0,0,0,0,0,0,0,0
PUR,0,0,0,0,0,0,0,0,0,0,0,0,0,0,0,0
ESN,0,0,0,0,0,0,0,0,0,0,0,0,0,0,0,0
BEB,0,0,0,0,0,0,0,0,0,0,0,0,0,0,0,0
ESN,0,0,0,0,0,0,0,0,0,0,0,0,1,0,0,0
PUR,0,0,0,0,1,0,0,0,0,0,0,0,0,0,0,0
PUR,0,0,0,0,0,0,0,0,0,0,0,0,0,0,0,0
IBS,0,0,0,0,0,0,0,0,0,0,0,0,0,0,0,0
PUR,0,0,0,0,1,0,0,0,1,0,0,0,0,0,0,0
ESN,0,0,0,0,0,0,0,0,0,0,0,0,0,0,0,0
IBS,0,0,0,0,0,0,0,0,0,0,0,0,0,0,0,0
BEB,0,0,0,0,0,0,0,0,0,0,0,0,0,0,0,0
PJL,0,0,0,0,0,0,0,0,0,0,0,0,0,0,0,0
IBS,0,0,0,0,1,0,0,0,0,0,0,0,0,0,0,0
IBS,0,0,0,0,0,0,0,0,0,0,0,0,0,0,0,0
ESN,0,0,0,0,0,0,0,0,0,0,0,0,1,0,0,0
PJL,0,0,0,0,0,0,0,0,0,0,0,0,0,0,0,0
ESN,0,0,0,0,0,0,0,0,0,0,0,0,0,0,0,0
IBS,0,0,0,0,0,0,0,0,0,0,0,0,0,0,0,0
PUR,0,0,0,0,0,0,0,0,0,0,0,0,0,0,0,0
BEB,0,0,0,0,0,0,0,0,0,0,0,0,0,0,0,0
BEB,0,0,0,0,0,0,0,0,0,0,0,0,0,0,0,0
PUR,0,0,0,0,0,0,0,0,0,0,0,0,0,0,0,0
ESN,0,0,0,0,0,0,0,0,0,0,0,0,0,0,0,0
PUR,0,0,0,0,0,0,0,0,0,0,0,0,0,0,0,0
ESN,0,0,0,0,0,0,0,0,0,1,0,1,0,0,0,0
PJL,0,0,0,0,1,0,0,0,0,0,0,0,0,0,0,0
ESN,0,0,0,0,0,0,0,0,0,0,0,0,0,0,0,0
BEB,0,0,0,0,0,0,0,0,0,0,0,0,0,0,0,0
ESN,0,0,0,0,0,0,0,0,0,0,0,0,0,0,0,0
BEB,0,0,0,0,0,0,0,0,0,0,0,0,0,0,0,0
IBS,0,0,0,0,0,0,0,0,0,0,0,0,0,0,0,0
PUR,0,0,0,0,0,0,0,0,0,0,0,0,0,0,0,0
BEB,0,0,1,0,0,0,0,1,0,0,0,0,0,0,1,0
PUR,0,0,0,0,0,0,0,0,0,0,0,0,0,0,0,0
PUR,0,0,0,0,0,0,0,0,0,0,0,0,0,0,0,0
PJL,0,0,0,0,0,0,0,0,0,0,0,0,0,0,0,0
IBS,0,0,0,0,0,0,0,0,0,0,0,0,0,0,0,0
PJL,0,0,0,0,0,0,0,0,0,0,0,1,0,1,0,0
BEB,0,0,0,0,0,0,0,0,0,0,0,0,0,0,0,0
IBS,0,0,0,0,0,0,0,0,0,0,0,0,0,1,0,0
ESN,0,0,0,0,0,0,0,0,0,0,1,0,0,0,0,1
PJL,0,0,0,0,0,0,0,0,0,0,0,0,0,0,0,0
ESN,0,0,0,0,0,0,0,0,0,0,0,0,0,0,0,0
BEB,0,0,0,0,0,0,0,0,0,0,1,0,0,0,0,0
PJL,1,0,0,0,0,0,0,0,0,0,0,0,0,0,0,0
PJL,0,0,0,0,0,0,0,0,0,0,0,0,0,0,0,0
ESN,0,0,0,0,0,0,0,0,0,0,0,0,0,0,0,0
PJL,0,0,0,0,0,0,0,0,0,0,0,0,0,0,0,0
PUR,0,0,0,0,0,0,0,0,0,0,0,0,0,1,0,0
BEB,0,0,0,0,0,0,0,0,0,0,0,0,0,0,0,0
IBS,0,0,0,0,0,0,1,0,0,0,0,0,0,0,0,0
BEB,0,0,0,0,0,0,0,0,0,0,0,0,0,0,0,0
PUR,0,0,0,0,0,0,0,0,0,0,0,0,0,0,0,0
PUR,0,0,0,0,0,0,0,0,0,0,0,0,0,0,0,0
ESN,0,0,0,0,0,0,0,0,0,0,0,0,0,0,0,0
PJL,0,0,0,0,0,0,0,0,0,0,0,0,0,0,0,0
PJL,0,0,0,0,0,0,0,0,0,0,0,0,0,0,0,0
BEB,0,0,0,1,0,0,0,0,0,0,0,0,0,0,0,0
PUR,0,0,0,0,0,0,0,0,0,0,0,0,0,0,0,0
IBS,1,0,0,0,0,0,0,0,0,0,0,0,0,0,0,0
PUR,0,0,0,0,0,0,0,0,0,0,0,0,0,0,0,0
PJL,0,1,1,0,0,1,0,1,0,0,0,0,0,0,1,1
IBS,0,0,0,0,0,0,1,0,0,0,0,0,0,0,0,0
PJL,0,0,0,0,0,0,0,0,0,0,0,0,0,0,0,0
PJL,0,0,0,0,0,0,0,0,0,0,0,0,0,0,0,0
PJL,0,1,1,0,0,1,0,1,0,0,0,0,0,0,1,1
BEB,0,0,0,0,0,0,0,0,0,0,0,0,0,0,0,0
PUR,0,0,0,0,0,0,0,0,0,0,0,0,0,0,0,0
PUR,0,0,0,0,0,0,0,0,0,0,0,0,0,0,0,0
IBS,0,0,0,0,0,0,1,0,0,0,0,0,0,0,0,0
BEB,0,0,0,0,0,0,0,0,0,0,0,0,0,0,0,0
BEB,0,0,0,0,0,0,0,0,0,0,0,0,0,0,0,0
IBS,0,0,0,0,0,0,0,0,0,0,0,0,0,0,0,0
PUR,0,0,0,0,0,0,0,0,0,0,0,0,0,0,0,0
BEB,0,0,0,0,0,0,0,0,0,0,0,0,0,0,0,0
IBS,1,0,0,0,0,0,0,0,0,0,0,0,0,0,0,0
PJL,0,0,0,0,0,0,0,0,0,0,0,0,0,0,0,0
PJL,0,0,0,0,0,0,0,0,0,0,0,0,0,0,0,0
IBS,0,0,0,0,0,0,0,0,0,0,0,0,0,0,0,0
BEB,0,0,0,0,0,0,0,0,0,0,0,0,0,0,0,0
BEB,0,0,0,0,0,0,0,0,0,0,0,0,0,0,0,0
BEB,0,0,0,0,0,0,0,0,0,0,0,0,0,0,0,0
IBS,0,0,0,0,0,0,0,0,0,0,0,0,0,0,0,0
PUR,0,0,0,0,0,0,0,0,0,0,0,0,0,0,0,0
PJL,0,1,1,0,0,1,0,1,0,0,0,0,0,0,1,1
ESN,0,0,0,0,1,0,0,0,0,0,0,0,0,0,0,0
BEB,0,0,0,0,0,0,0,0,0,0,1,0,0,0,0,0
IBS,0,0,0,0,0,0,0,0,0,0,0,0,0,0,0,0
PUR,0,0,0,0,0,0,0,0,0,0,0,0,0,0,0,0
PUR,0,0,0,0,0,0,0,0,0,0,0,0,0,0,0,0
BEB,0,0,0,0,0,0,0,0,0,0,0,0,0,0,0,0
IBS,0,0,0,0,0,0,0,0,0,0,0,0,0,1,0,0
PJL,0,0,0,0,0,0,0,0,0,0,0,0,0,0,0,0
IBS,0,0,0,0,0,0,1,0,0,0,0,0,0,0,0,0
IBS,0,0,0,0,0,0,0,0,0,0,0,0,0,0,0,0
PUR,0,0,0,0,0,0,0,0,0,0,0,0,0,0,0,0
PJL,0,0,0,0,0,0,0,0,0,0,0,0,0,0,0,0
PUR,0,0,0,0,1,0,0,0,0,0,0,0,0,0,0,0
IBS,0,0,0,0,0,0,0,0,0,0,0,0,0,1,0,0
ESN,0,0,0,0,0,0,0,0,0,0,0,0,0,0,0,0
PUR,0,0,0,0,0,0,0,0,0,0,0,0,0,0,0,0
ESN,0,0,0,0,0,0,0,0,0,0,1,0,0,0,0,0
ESN,0,0,0,0,0,0,0,0,0,0,0,0,0,0,0,0
ESN,0,1,0,0,0,0,0,0,0,0,0,0,0,0,0,0
PUR,0,0,0,0,0,0,0,0,0,0,0,0,0,0,0,0
PJL,0,0,0,0,0,0,0,0,0,0,0,0,0,0,0,0
PUR,0,0,0,0,1,0,0,0,0,0,0,0,0,0,0,0
IBS,0,0,0,0,0,0,0,0,0,0,0,0,0,0,0,0
ESN,0,0,0,0,0,0,0,0,0,0,0,0,0,0,0,0
PUR,0,0,0,0,0,1,0,0,0,0,0,0,0,0,0,0
ESN,0,0,0,0,0,0,0,0,0,0,0,0,0,0,0,0
BEB,0,0,0,0,0,0,0,0,0,0,0,0,0,0,0,0
PJL,0,0,0,0,0,0,0,0,0,0,0,0,0,0,0,0
PJL,0,0,0,0,0,0,0,0,0,0,0,0,0,0,0,0
PUR,0,0,0,0,0,0,0,0,0,0,0,0,0,0,0,0
PJL,0,1,1,0,0,1,0,1,0,0,0,0,0,0,1,1
PUR,0,0,0,0,0,0,0,0,0,1,0,1,0,0,0,0
PJL,0,0,0,0,0,0,0,0,0,0,0,0,0,0,0,0
PUR,0,0,0,0,0,0,0,0,0,0,0,0,0,0,0,0
BEB,0,0,0,0,0,0,0,0,0,0,0,0,0,0,0,0
PUR,1,0,0,0,0,0,0,0,0,0,0,0,0,0,0,0
BEB,0,0,0,0,0,0,0,0,0,0,0,0,0,0,0,0
IBS,0,0,0,0,0,0,0,0,0,0,0,0,0,0,0,0
IBS,0,0,0,0,0,0,0,0,0,0,0,0,0,0,0,0
BEB,0,0,0,0,0,0,0,0,0,0,0,0,0,0,0,0
IBS,0,0,0,0,0,0,0,0,0,0,0,0,0,0,0,0
BEB,0,0,0,0,0,0,0,0,0,0,0,0,0,0,0,0
BEB,0,0,0,0,0,0,0,0,0,0,0,0,0,0,0,0
ESN,0,0,0,0,0,0,0,0,0,0,0,0,0,0,0,0
PJL,0,0,0,0,0,0,0,0,0,0,0,0,0,0,0,0
ESN,0,0,0,0,0,0,0,0,0,0,0,0,0,0,0,0
PJL,0,0,1,0,0,0,0,1,0,0,0,0,0,0,1,0
PUR,0,0,0,0,0,0,0,0,0,0,0,0,0,0,0,0
BEB,0,0,0,0,0,0,0,0,0,0,0,0,0,0,0,0
PJL,0,0,0,0,0,0,0,0,0,0,0,0,0,0,0,0
IBS,0,0,0,0,0,0,1,0,0,0,0,0,0,0,0,0
IBS,0,0,0,0,0,0,0,0,0,0,0,0,0,0,0,0
PUR,0,0,0,0,0,0,0,0,0,0,0,0,0,0,0,0
IBS,0,0,0,0,0,0,0,0,0,0,0,0,0,0,0,0
IBS,0,0,0,0,0,0,0,0,0,0,0,0,0,0,0,0
ESN,0,0,0,0,0,0,0,0,0,0,0,0,0,1,0,0
BEB,0,0,0,0,0,0,0,0,0,0,0,0,0,0,0,0
PUR,0,0,0,0,0,0,0,0,0,0,0,0,0,0,0,0
IBS,0,0,0,0,0,0,0,0,0,0,0,0,0,1,0,0
IBS,0,0,0,0,0,0,0,0,0,0,0,0,0,0,0,0
ESN,0,0,0,0,0,0,0,0,0,0,0,0,0,0,0,0
PJL,0,0,0,0,0,0,0,0,0,0,0,0,0,0,0,0
ESN,0,0,0,0,0,0,0,0,0,0,0,0,0,0,0,0
BEB,0,0,0,0,0,0,0,0,0,0,0,0,0,0,0,0
PJL,0,0,0,0,0,0,0,0,0,0,0,0,0,0,0,0
IBS,0,0,0,0,0,0,0,0,0,0,0,0,0,0,0,0
PUR,0,0,0,0,0,0,0,0,0,0,0,0,0,0,0,0
PUR,0,0,0,0,0,0,0,0,0,0,0,0,0,0,0,0
ESN,0,0,0,0,0,0,0,0,0,1,0,1,0,0,0,0
PUR,0,0,0,0,0,0,0,0,0,0,0,0,0,0,0,0
ESN,0,0,0,0,0,0,0,0,0,1,0,1,0,0,0,0
IBS,0,0,0,0,0,0,0,0,0,0,0,0,0,0,0,0
PJL,0,0,0,0,0,0,0,0,0,0,0,0,0,0,0,0
ESN,0,0,0,0,0,0,0,0,0,0,0,0,0,0,0,0
PUR,0,0,0,0,0,0,0,0,0,0,0,0,0,0,0,0
ESN,0,0,0,0,0,0,0,0,0,0,0,0,0,0,0,0
PJL,0,0,0,0,0,0,0,0,0,0,0,0,0,0,0,0
PUR,0,0,0,0,0,0,0,0,0,0,0,0,0,0,0,0
PJL,0,0,0,0,0,0,0,0,0,0,0,1,0,1,0,0
ESN,0,0,0,0,0,0,0,0,0,0,0,0,0,0,0,0
ESN,0,0,0,0,0,0,0,0,0,0,0,0,0,0,0,0
PJL,0,1,1,0,0,1,0,1,0,0,0,0,0,0,1,1
BEB,0,0,0,0,0,0,0,0,0,0,0,0,0,0,0,0
ESN,0,0,0,0,0,0,0,0,0,0,0,0,0,0,0,0
IBS,0,0,0,0,0,0,0,0,0,0,0,0,0,0,0,0
PJL,0,0,0,0,0,0,0,0,0,0,0,0,0,0,0,0
IBS,0,0,0,0,0,0,0,0,0,0,0,0,0,0,0,0
BEB,0,0,0,1,0,0,0,0,0,0,0,0,0,0,0,0
BEB,0,0,0,0,0,0,0,0,0,0,0,0,0,0,0,0
PJL,0,0,0,0,0,0,0,0,0,0,0,0,0,0,0,0
BEB,0,0,0,0,0,0,0,0,0,0,0,0,0,0,0,0
PUR,0,0,0,0,0,0,0,0,0,0,0,0,0,0,0,0
PUR,0,0,0,0,0,0,0,0,0,0,0,0,0,0,0,0
ESN,0,0,0,0,0,0,0,0,0,0,0,0,1,0,0,0
PUR,0,0,0,0,0,0,0,0,0,0,0,0,0,0,0,0
BEB,0,0,0,0,0,0,0,0,0,0,0,0,0,0,0,0
IBS,0,0,0,0,0,0,0,0,0,0,0,0,0,0,0,0
BEB,0,0,0,0,0,0,0,0,0,0,0,0,0,0,0,0
BEB,0,0,0,0,0,0,0,0,0,0,0,0,0,0,0,0
BEB,0,0,0,0,0,0,0,0,0,0,0,0,0,0,0,0
BEB,0,0,0,0,0,0,0,0,0,0,0,0,0,0,0,0
ESN,0,0,0,0,0,0,0,0,0,0,0,0,0,0,0,0
ESN,0,0,0,0,0,0,0,0,0,0,0,0,0,0,0,0
ESN,0,0,0,0,0,0,0,0,0,0,0,0,0,0,0,0
IBS,0,0,0,0,0,0,0,0,0,0,0,0,0,0,0,0
PUR,0,0,0,0,0,0,0,0,0,0,0,0,0,0,0,0
ESN,0,0,0,0,0,0,0,0,0,0,0,0,0,0,0,0
IBS,0,0,0,0,0,0,0,0,0,0,0,0,0,0,0,0
PUR,0,0,0,0,0,0,0,0,0,0,0,0,0,0,0,0
PUR,0,0,0,0,1,0,0,0,0,0,0,0,0,0,0,0
IBS,0,0,0,0,0,0,0,0,0,0,0,0,0,0,0,0
PUR,0,0,0,0,0,0,0,0,0,0,0,0,0,0,0,0
PJL,0,0,0,0,0,0,0,0,0,0,0,0,0,0,0,0
PUR,0,0,0,0,0,0,0,0,0,0,0,0,0,0,0,0
IBS,0,0,0,0,0,0,0,0,0,0,0,0,0,0,0,0
IBS,0,0,0,0,0,0,0,0,0,0,0,0,0,0,0,0
IBS,0,0,0,0,0,0,0,0,0,0,0,0,0,0,0,0
ESN,0,0,0,0,0,0,0,0,0,0,0,0,0,0,0,0
PUR,0,0,0,0,0,0,0,0,0,0,0,0,0,0,0,0
PJL,0,0,0,0,0,0,0,0,0,0,0,0,0,0,0,0
PJL,0,0,0,0,0,0,0,0,0,0,0,0,0,0,0,0
ESN,0,0,0,0,0,0,0,0,1,0,0,0,0,0,0,0
ESN,0,0,0,0,0,0,0,0,0,0,0,0,0,0,0,0
BEB,0,0,0,0,0,0,0,0,0,0,0,0,0,0,0,0
IBS,0,0,0,0,0,0,0,0,0,0,0,0,0,0,0,0
IBS,0,0,0,0,0,0,0,0,0,0,0,0,0,0,0,0
PJL,0,0,0,0,0,0,1,0,0,0,0,0,0,0,0,0
ESN,0,0,0,0,0,0,0,0,0,0,0,0,0,0,0,0
PUR,0,0,0,0,0,0,0,0,1,0,0,0,0,0,0,0
PJL,0,0,0,0,0,0,0,0,0,0,0,0,0,0,0,0
ESN,0,0,0,0,0,0,0,0,0,0,0,0,0,0,0,0
IBS,0,0,0,0,0,0,0,0,0,0,0,0,0,0,0,0
PUR,0,0,0,0,0,0,0,0,0,0,0,0,0,0,0,0
ESN,0,0,0,0,0,0,0,0,0,0,0,0,0,0,0,0
BEB,0,0,0,0,0,0,0,0,0,0,0,0,0,0,0,0
IBS,0,0,0,0,0,0,0,0,0,0,0,0,0,0,0,0
PUR,0,0,0,0,0,0,0,0,0,0,0,0,0,0,0,0
BEB,1,0,0,0,0,0,0,0,0,0,0,0,0,0,0,0
PUR,0,0,0,0,1,0,0,0,0,0,0,0,0,0,0,0
IBS,0,0,0,0,0,0,0,0,0,0,0,0,0,0,0,0
BEB,0,0,0,0,0,0,0,0,0,0,1,0,0,0,0,0
ESN,0,0,0,0,0,0,0,0,0,0,0,0,0,0,0,0
PUR,0,0,0,0,0,0,0,0,0,0,0,0,0,0,0,0
PJL,0,0,0,1,0,0,0,0,0,0,0,0,0,0,0,0
IBS,0,0,0,0,0,0,0,0,0,0,0,0,0,1,0,0
PJL,0,0,0,0,0,0,0,0,0,0,0,0,0,0,0,0
IBS,0,0,0,0,0,0,0,0,1,0,0,0,0,0,0,0
PUR,0,0,0,0,0,0,0,0,0,0,0,0,0,0,0,0
BEB,0,0,0,0,0,1,0,0,0,0,0,0,0,0,0,0
BEB,0,0,0,0,0,0,0,0,0,0,0,0,0,0,0,0
PJL,0,0,0,0,0,0,0,0,0,0,0,0,0,0,0,0
ESN,0,0,0,0,0,0,0,0,1,0,0,0,0,0,0,0
BEB,1,0,0,0,0,0,0,0,0,0,0,0,0,0,0,0
IBS,0,0,0,0,0,0,0,0,0,0,0,0,0,0,0,0
ESN,0,0,0,0,0,0,0,0,0,0,0,0,0,0,0,0
BEB,0,0,0,0,0,0,0,0,0,0,0,0,0,0,0,0
BEB,0,0,0,0,0,0,0,0,0,0,0,0,0,0,0,0
BEB,0,0,0,0,0,0,0,0,0,0,0,0,0,0,0,0
IBS,0,0,0,0,0,0,0,0,0,0,0,0,0,0,0,0
ESN,0,0,0,0,0,0,0,0,0,0,0,0,0,0,0,0
PJL,0,0,0,0,0,0,0,0,0,0,0,0,0,0,0,0
PJL,0,0,0,0,0,0,0,0,0,0,0,0,0,0,0,0
PUR,0,0,0,0,0,0,0,0,0,0,0,0,0,0,0,0
BEB,0,0,0,0,0,0,0,0,0,0,0,0,0,0,0,0
IBS,0,0,0,0,0,0,0,0,0,0,0,0,0,0,0,0
ESN,0,0,0,0,0,0,0,0,0,0,0,0,0,0,0,0
IBS,0,0,0,0,0,0,0,0,0,0,0,0,0,0,0,0
ESN,0,0,0,0,0,0,0,0,0,0,0,0,0,0,0,0
ESN,0,0,0,0,0,0,0,0,0,0,0,0,0,0,0,0
BEB,0,0,0,0,0,0,0,0,0,0,1,0,0,0,0,0
BEB,0,0,0,1,0,0,0,0,0,0,0,0,0,0,0,0
PJL,0,0,0,0,0,0,0,0,0,0,0,0,0,0,0,0
BEB,0,0,0,0,0,0,0,0,0,0,1,0,0,0,0,0
BEB,0,0,0,0,0,0,0,0,0,0,0,0,0,0,0,0
ESN,0,0,0,0,0,0,0,0,0,0,0,0,0,0,0,0
ESN,0,0,0,0,0,0,0,0,0,0,0,0,1,0,0,0
PJL,0,0,0,0,0,0,0,0,0,0,0,0,0,0,0,0
PJL,0,0,0,0,0,0,0,0,0,0,0,0,0,0,0,0
IBS,0,0,0,0,0,0,0,0,0,0,0,0,0,0,0,0
ESN,0,0,0,0,0,0,0,0,0,0,0,0,0,0,0,0
IBS,0,0,0,0,0,0,0,0,0,0,0,0,0,0,0,0
PUR,0,0,0,0,0,0,0,0,0,0,0,0,0,0,0,0
PJL,1,0,0,0,0,0,0,0,0,0,0,0,0,0,0,0
PJL,0,0,0,0,0,0,0,0,0,0,0,0,0,0,0,0
PUR,0,0,0,0,0,0,0,0,0,0,0,0,0,0,0,0
IBS,0,0,0,0,0,0,0,0,0,0,0,0,0,0,0,0
IBS,0,0,0,0,0,0,0,0,0,0,0,0,0,0,0,0
PUR,0,0,0,0,0,0,0,0,0,0,0,0,0,0,0,0
ESN,0,0,0,0,0,0,0,0,0,0,0,0,0,0,0,0
PJL,0,1,1,0,0,1,0,1,0,0,0,0,0,0,1,1
PUR,0,0,0,0,0,0,0,0,0,0,0,0,0,0,0,0
IBS,0,0,0,0,0,0,1,0,0,0,0,0,0,0,0,0
ESN,0,0,0,0,0,0,0,0,0,0,0,0,0,0,0,0
ESN,0,0,0,0,0,0,0,0,0,0,0,0,0,0,0,0
BEB,0,0,0,0,0,0,0,0,0,0,0,0,0,0,0,0
IBS,0,0,0,0,0,0,0,0,0,0,0,0,0,0,0,0
ESN,0,0,0,0,0,0,0,0,0,0,0,0,0,0,0,0
BEB,0,0,0,0,0,0,0,0,0,0,0,0,0,0,0,0
PUR,0,0,0,0,0,0,0,0,0,0,0,0,0,0,0,0
PJL,0,0,0,0,0,0,0,0,0,0,0,0,0,0,0,0
PJL,0,0,0,0,0,0,0,0,0,0,0,0,0,0,0,0
ESN,0,0,0,0,0,0,0,0,0,0,0,0,0,0,0,0
ESN,0,0,0,0,0,0,0,0,0,1,0,1,0,0,0,0
PUR,0,0,0,0,0,0,0,0,0,0,0,0,0,0,0,0
IBS,0,0,0,0,0,0,0,0,0,0,0,0,0,0,0,0
PJL,0,0,0,0,0,0,0,0,0,0,0,0,0,0,0,0
PJL,0,0,0,0,0,0,0,0,1,0,0,0,0,0,0,0
IBS,0,0,0,0,0,0,0,0,0,0,0,0,0,0,0,0
IBS,0,0,0,0,0,0,0,0,0,0,0,0,0,0,0,0
BEB,0,0,0,0,0,0,0,0,0,0,0,0,0,0,0,0
ESN,0,0,0,0,0,0,0,0,0,0,0,0,0,0,0,0
PJL,0,0,0,0,0,0,0,0,0,0,0,0,0,0,0,0
BEB,0,0,0,0,0,0,0,0,0,0,0,0,0,0,0,0
BEB,0,0,0,0,0,0,0,0,0,0,0,0,0,0,0,0
PUR,0,0,0,0,0,0,0,0,0,0,0,0,0,0,0,0
IBS,0,0,0,0,0,0,0,0,0,0,0,0,0,0,0,0
BEB,0,0,0,0,0,0,0,0,0,0,0,0,0,0,0,0
PUR,0,0,0,0,0,0,0,0,0,0,0,0,0,0,0,0
IBS,0,0,0,0,0,0,0,0,0,1,0,0,0,1,0,0
BEB,0,0,0,0,0,0,0,0,0,0,1,0,0,0,0,0
PUR,0,0,0,0,0,0,0,0,0,0,0,0,0,0,0,0
IBS,0,0,0,0,0,0,0,0,0,0,0,0,0,0,0,0
PUR,0,0,0,0,0,0,0,0,0,0,0,0,0,0,0,0
PJL,0,0,0,0,0,0,0,0,0,0,0,0,0,0,0,0
PUR,0,0,0,0,0,0,0,0,0,0,0,0,0,0,0,0
ESN,0,0,0,0,0,0,0,0,0,0,0,0,0,0,0,0
ESN,0,0,0,0,0,0,0,0,0,0,0,0,0,0,0,0
IBS,0,0,0,1,0,0,0,0,0,0,0,0,0,0,0,0
ESN,0,1,0,0,0,0,0,0,0,0,0,0,0,0,0,0
PUR,0,0,0,0,0,0,0,0,0,0,0,0,0,0,0,0
ESN,0,0,0,0,0,0,0,0,0,0,0,0,0,0,0,0
PUR,0,0,0,0,0,0,0,0,0,0,0,0,0,0,0,0
PJL,0,0,0,0,0,0,0,0,0,0,0,0,0,0,0,0
PJL,0,1,1,0,0,1,0,1,0,0,0,0,0,0,1,1
IBS,0,0,0,0,0,0,0,0,0,0,0,0,0,0,0,0
PJL,0,0,0,0,0,0,0,0,0,0,0,0,0,0,0,0
ESN,0,0,0,0,0,0,0,0,0,1,0,1,0,0,0,0
PUR,0,0,0,1,0,0,0,0,0,0,0,0,0,0,0,0
PUR,0,0,0,0,0,0,0,0,0,0,0,0,0,0,0,0
ESN,0,0,0,0,0,0,0,0,0,0,0,0,1,0,0,0
IBS,0,0,0,0,0,0,0,0,0,0,0,0,0,0,0,0
IBS,0,0,0,0,0,0,0,0,0,0,0,0,0,0,0,0
PJL,0,0,0,0,0,0,0,0,0,0,0,0,0,0,0,0
IBS,0,0,0,0,0,0,0,0,0,0,0,0,0,0,0,0
PJL,0,0,0,0,0,0,0,0,0,0,0,0,0,0,0,0
PJL,0,0,0,0,0,0,0,0,0,0,0,0,0,0,0,0
ESN,0,0,0,0,0,0,0,0,0,0,0,0,0,0,0,0
PUR,0,0,0,0,0,0,0,0,0,0,0,0,0,0,0,0
ESN,0,0,0,0,0,0,0,0,0,0,0,0,0,0,0,0
IBS,1,0,0,0,0,0,0,0,0,0,0,0,0,0,0,0
BEB,1,0,0,0,0,0,0,0,0,0,0,0,0,0,0,0
PUR,0,0,0,0,0,0,0,0,0,0,0,0,0,0,0,0
PJL,0,0,0,0,0,0,0,0,0,0,0,0,0,0,0,0
PUR,0,0,0,0,0,0,0,0,0,0,0,0,0,0,0,0
ESN,0,1,0,0,0,0,0,0,0,0,0,0,0,0,0,0
PUR,0,0,0,0,0,0,1,0,0,0,0,0,0,0,0,0
PUR,0,0,0,0,0,0,0,0,0,0,0,0,0,0,0,0
IBS,0,0,0,0,0,0,0,0,0,0,0,0,0,0,0,0
IBS,0,0,0,0,0,0,0,0,0,0,0,0,0,0,0,0
PJL,0,0,0,0,0,0,0,0,0,0,0,0,1,0,0,0
ESN,0,0,0,0,0,0,0,0,0,0,0,0,0,0,0,0
IBS,0,0,0,0,0,0,0,0,0,0,0,0,0,0,0,0
PUR,0,0,0,0,0,0,0,0,0,0,0,0,0,0,0,0
